<settings>
    <setting id="accache" value="true" />
    <setting id="accrash" value="true" />
    <setting id="acpackages" value="true" />
    <setting id="acstartup" value="false" />
    <setting id="acthumbs" value="true" />
    <!--<setting id="addon_debug" value="false" />-->
    <setting id="cachemb" value="0" />
    <setting id="checkupdates" value="true" />
    <!--<setting id="checkaddonupdates" value="true" />-->
    <setting id="clearday" value="0" />
    <!--<setting id="email" value="" />-->
    <!--<setting id="email_prompt" value="false" />-->
    <!--<setting id="enable_dropbox" value="false" />-->
    <!--<setting id="enable_pastebin" value="false" />-->
    <!--<setting id="enable_tvaddons" value="true" />-->
    <!--<setting id="enable_ubuntu" value="false" />-->
    <!--<setting id="include_old" value="true" />-->
    <!--<setting id="name" value="GUEST" />-->
    <setting id="packagesmb" value="0" />
    <!--<setting id="skip_oldlog" value="true" />-->
    <setting id="startupsize" value="false" />
    <setting id="thumbsmb" value="0" />
    <setting id="zip" value="special://home/backupdir" />
</settings>