<?xml version="1.0" encoding="UTF-8" standalone="yes"?>
<addon id="plugin.program.sswizard" 
	     name="[COLOR lime]SS[/COLOR] [COLOR cyan]Wizard[/COLOR]" 
	     version="1.0.3" 
	     provider-name="SSNEOH">
  <requires>
  	<import addon="xbmc.python" version="2.1.0"/>
  </requires>
  <extension point="xbmc.python.pluginsource" library="default.py">
        <provides>executable</provides>
  </extension>
  <extension point="xbmc.service" library="service.py" start="startup">
  </extension> 
  <extension point="xbmc.addon.metadata">
    <platform>all</platform>
    <summary lang="en">[COLOR lime]SS[/COLOR] [COLOR cyan]Wizard[/COLOR]</summary>
    <description lang="en">The wizard provide custom builds and tools for KODI. This is a stripped-down(modded) version of TDB wizard and it is strictly for PERSONAL USE only. All credits goes to TDB Teams, Rob, Schism, KodiTips, BigSam, ComRepo and Lambada.</description>
    <disclaimer lang="en">The original author neither hosts or stores any content, the original author has no affiliation with content hosts</disclaimer>
    <language></language>
    <platform>all</platform>
    <license>GNU GENERAL PUBLIC LICENSE. Version 2, June 1991</license>
    <forum></forum>
    <website></website>
    <email></email>
  </extension>
</addon>