<?xml version="1.0" encoding="UTF-8"?>
    <addon id="repository.ssneoh" name="[COLOR lime]SS[/COLOR] Repository" version="1.0.0" provider-name="SSNEOH">
        <requires>
            <import addon="xbmc.addon" version="12.0.0"/>
        </requires>
        <extension point="xbmc.addon.repository" name="SS Repository">
            <info compressed="false">https://raw.githubusercontent.com/ssneoh/sstv/master/_repo/addons.xml</info>
            <checksum>https://raw.githubusercontent.com/ssneoh/sstv/master/_repo/addons.xml.md5</checksum>
            <datadir zip="true">https://raw.githubusercontent.com/ssneoh/sstv/master/_repo/</datadir>
            <hashes>false</hashes>
        </extension>
        <extension point="xbmc.addon.metadata">
            <summary>SS Repository - KODI addons, wizard and etc.</summary>
            <description>SS Repository - KODI addons, wizard and etc. Strictly for [B]PERSONAL USE[/B] only.</description>
            <platform>all</platform>
    </extension>
</addon>