<?xml version="1.0" encoding="UTF-8" standalone="yes"?>
<addon id="plugin.program.sswizard" 
	     name="[COLOR lime]SS[/COLOR] Wizard" 
	     version="1.0.0" 
	     provider-name="SSNEOH">
  <requires>
  	<import addon="xbmc.python" version="2.1.0"/>
  </requires>
  <extension point="xbmc.python.pluginsource" library="default.py">
        <provides>executable</provides>
  </extension>
  <extension point="xbmc.service" library="service.py" start="startup">
  </extension> 
  <extension point="xbmc.addon.metadata">
    <platform>all</platform>
    <summary lang="en">[COLOR lime]SS[/COLOR] Wizard</summary>
    <description lang="en">Custom builds and tools for KODI. Strictly for [B]PERSONAL USE[/B] only</description>
    <disclaimer lang="en"></disclaimer>
    <language></language>
    <platform>all</platform>
    <license>GNU GENERAL PUBLIC LICENSE. Version 2, June 1991</license>
    <forum></forum>
    <website></website>
    <email></email>
  </extension>
</addon>